{
  "Cat": {
    "precision": 0.6,
    "recall": 1.0,
    "f1-score": 0.7499999999999999,
    "support": 6
  },
  "Fish": {
    "precision": 1.0,
    "recall": 0.2,
    "f1-score": 0.33333333333333337,
    "support": 5
  },
  "accuracy": 0.6363636363636364,
  "macro avg": {
    "precision": 0.8,
    "recall": 0.6,
    "f1-score": 0.5416666666666666,
    "support": 11
  },
  "weighted avg": {
    "precision": 0.7818181818181817,
    "recall": 0.6363636363636364,
    "f1-score": 0.5606060606060606,
    "support": 11
  }
}
